REGION,FUEL,YEAR,VALUE
REGION1,ATNG,2015,220,60380024929
REGION1,ATNG,2016,220,437592831195
REGION1,ATNG,2017,220,2713854131
REGION1,ATNG,2018,220,105177995005
REGION1,ATNG,2019,219,93897057691
REGION1,ATNG,2020,219,772763158815
REGION1,ATNG,2021,218,670635565982
REGION1,ATNG,2022,217,568507973149
REGION1,ATNG,2023,216,466380380316
REGION1,ATNG,2024,215,364252787483
REGION1,ATNG,2025,214,26212519465
REGION1,ATNG,2026,209,760536912758
REGION1,ATNG,2027,205,258948630867
REGION1,ATNG,2028,200,757360348976
REGION1,ATNG,2029,196,255772067084
REGION1,ATNG,2030,191,754183785193
REGION1,ATNG,2031,194,675581433901
REGION1,ATNG,2032,197,596979082609
REGION1,ATNG,2033,200,518376731317
REGION1,ATNG,2034,203,439774380024
REGION1,ATNG,2035,206,361172028732
REGION1,ATNG,2036,207,23154703647
REGION1,ATNG,2037,208,101922044208
REGION1,ATNG,2038,208,972297051945
REGION1,ATNG,2039,209,842672059683
REGION1,ATNG,2040,210,713047067421
REGION1,ATNG,2041,212,985257339137
REGION1,ATNG,2042,215,257467610854
REGION1,ATNG,2043,217,52967788257
REGION1,ATNG,2044,219,801888154287
REGION1,ATNG,2045,222,074098426003
REGION1,ATNG,2046,222,543875005637
REGION1,ATNG,2047,223,013651585271
REGION1,ATNG,2048,223,483428164905
REGION1,ATNG,2049,223,953204744538
REGION1,ATNG,2050,224,422981324172
REGION1,ATNG,2051,224,422981324172
REGION1,ATNG,2052,224,422981324172
REGION1,ATNG,2053,224,422981324172
REGION1,ATNG,2054,224,422981324172
REGION1,ATNG,2055,224,422981324172
REGION1,ATNG,2056,224,422981324172
REGION1,ATNG,2057,224,422981324172
REGION1,ATNG,2058,224,422981324172
REGION1,ATNG,2059,224,422981324172
REGION1,ATNG,2060,224,422981324172
REGION1,BENG,2015,406,403712865365
REGION1,BENG,2016,404,748406511604
REGION1,BENG,2017,403,093100157843
REGION1,BENG,2018,401,437793804082
REGION1,BENG,2019,399,782487450321
REGION1,BENG,2020,398,12718109656
REGION1,BENG,2021,413,154732090095
REGION1,BENG,2022,428,182283083629
REGION1,BENG,2023,443,209834077164
REGION1,BENG,2024,458,237385070698
REGION1,BENG,2025,473,264936064233
REGION1,BENG,2026,481,937170805504
REGION1,BENG,2027,490,609405546774
REGION1,BENG,2028,499,281640288045
REGION1,BENG,2029,507,953875029316
REGION1,BENG,2030,516,626109770586
REGION1,BENG,2031,523,413381311358
REGION1,BENG,2032,530,200652852129
REGION1,BENG,2033,536,9879243929
REGION1,BENG,2034,543,775195933672
REGION1,BENG,2035,550,562467474443
REGION1,BENG,2036,554,139174824308
REGION1,BENG,2037,557,715882174173
REGION1,BENG,2038,561,292589524037
REGION1,BENG,2039,564,869296873902
REGION1,BENG,2040,568,446004223767
REGION1,BENG,2041,573,223116400917
REGION1,BENG,2042,578,000228578067
REGION1,BENG,2043,582,777340755217
REGION1,BENG,2044,587,554452932367
REGION1,BENG,2045,592,331565109516
REGION1,BENG,2046,597,113467479966
REGION1,BENG,2047,601,895369850416
REGION1,BENG,2048,606,677272220866
REGION1,BENG,2049,611,459174591316
REGION1,BENG,2050,616,241076961767
REGION1,BENG,2051,616,241076961767
REGION1,BENG,2052,616,241076961767
REGION1,BENG,2053,616,241076961767
REGION1,BENG,2054,616,241076961767
REGION1,BENG,2055,616,241076961767
REGION1,BENG,2056,616,241076961767
REGION1,BENG,2057,616,241076961767
REGION1,BENG,2058,616,241076961767
REGION1,BENG,2059,616,241076961767
REGION1,BENG,2060,616,241076961767
REGION1,BGNG,2015,95,7980622284708
REGION1,BGNG,2016,89,8324140267971
REGION1,BGNG,2017,83,8667658251234
REGION1,BGNG,2018,77,9011176234497
REGION1,BGNG,2019,71,9354694217759
REGION1,BGNG,2020,65,9698212201022
REGION1,BGNG,2021,67,6115636229807
REGION1,BGNG,2022,69,2533060258592
REGION1,BGNG,2023,70,8950484287377
REGION1,BGNG,2024,72,5367908316162
REGION1,BGNG,2025,74,1785332344946
REGION1,BGNG,2026,73,5566489785975
REGION1,BGNG,2027,72,9347647227004
REGION1,BGNG,2028,72,3128804668032
REGION1,BGNG,2029,71,6909962109061
REGION1,BGNG,2030,71,0691119550089
REGION1,BGNG,2031,71,1887944416578
REGION1,BGNG,2032,71,3084769283066
REGION1,BGNG,2033,71,4281594149555
REGION1,BGNG,2034,71,5478419016044
REGION1,BGNG,2035,71,6675243882532
REGION1,BGNG,2036,72,0480650770614
REGION1,BGNG,2037,72,4286057658696
REGION1,BGNG,2038,72,8091464546778
REGION1,BGNG,2039,73,189687143486
REGION1,BGNG,2040,73,5702278322942
REGION1,BGNG,2041,74,0730063106586
REGION1,BGNG,2042,74,5757847890229
REGION1,BGNG,2043,75,0785632673873
REGION1,BGNG,2044,75,5813417457517
REGION1,BGNG,2045,76,0841202241159
REGION1,BGNG,2046,76,3696925206983
REGION1,BGNG,2047,76,6552648172806
REGION1,BGNG,2048,76,940837113863
REGION1,BGNG,2049,77,2264094104453
REGION1,BGNG,2050,77,5119817070276
REGION1,BGNG,2051,77,5119817070276
REGION1,BGNG,2052,77,5119817070276
REGION1,BGNG,2053,77,5119817070276
REGION1,BGNG,2054,77,5119817070276
REGION1,BGNG,2055,77,5119817070276
REGION1,BGNG,2056,77,5119817070276
REGION1,BGNG,2057,77,5119817070276
REGION1,BGNG,2058,77,5119817070276
REGION1,BGNG,2059,77,5119817070276
REGION1,BGNG,2060,77,5119817070276
REGION1,CZNG,2015,241,60649072147
REGION1,CZNG,2016,239,999519661893
REGION1,CZNG,2017,238,392548602316
REGION1,CZNG,2018,236,785577542738
REGION1,CZNG,2019,235,178606483161
REGION1,CZNG,2020,233,571635423583
REGION1,CZNG,2021,234,792175366917
REGION1,CZNG,2022,236,012715310252
REGION1,CZNG,2023,237,233255253586
REGION1,CZNG,2024,238,45379519692
REGION1,CZNG,2025,239,674335140254
REGION1,CZNG,2026,234,040876366266
REGION1,CZNG,2027,228,407417592278
REGION1,CZNG,2028,222,773958818291
REGION1,CZNG,2029,217,140500044303
REGION1,CZNG,2030,211,507041270315
REGION1,CZNG,2031,206,579508006252
REGION1,CZNG,2032,201,651974742189
REGION1,CZNG,2033,196,724441478126
REGION1,CZNG,2034,191,796908214063
REGION1,CZNG,2035,186,86937495
REGION1,CZNG,2036,184,224535308866
REGION1,CZNG,2037,181,579695667732
REGION1,CZNG,2038,178,934856026599
REGION1,CZNG,2039,176,290016385465
REGION1,CZNG,2040,173,645176744331
REGION1,CZNG,2041,175,30929497406
REGION1,CZNG,2042,176,973413203788
REGION1,CZNG,2043,178,637531433517
REGION1,CZNG,2044,180,301649663246
REGION1,CZNG,2045,181,965767892974
REGION1,CZNG,2046,179,859511789099
REGION1,CZNG,2047,177,753255685223
REGION1,CZNG,2048,175,646999581347
REGION1,CZNG,2049,173,540743477471
REGION1,CZNG,2050,171,434487373595
REGION1,CZNG,2051,171,434487373595
REGION1,CZNG,2052,171,434487373595
REGION1,CZNG,2053,171,434487373595
REGION1,CZNG,2054,171,434487373595
REGION1,CZNG,2055,171,434487373595
REGION1,CZNG,2056,171,434487373595
REGION1,CZNG,2057,171,434487373595
REGION1,CZNG,2058,171,434487373595
REGION1,CZNG,2059,171,434487373595
REGION1,CZNG,2060,171,434487373595
REGION1,DENG,2015,2140,15677935705
REGION1,DENG,2016,2143,07718908098
REGION1,DENG,2017,2145,99759880492
REGION1,DENG,2018,2148,91800852885
REGION1,DENG,2019,2151,83841825279
REGION1,DENG,2020,2154,75882797672
REGION1,DENG,2021,2129,22756109732
REGION1,DENG,2022,2103,69629421791
REGION1,DENG,2023,2078,16502733851
REGION1,DENG,2024,2052,63376045911
REGION1,DENG,2025,2027,1024935797
REGION1,DENG,2026,1973,1406667507
REGION1,DENG,2027,1919,1788399217
REGION1,DENG,2028,1865,21701309271
REGION1,DENG,2029,1811,25518626371
REGION1,DENG,2030,1757,29335943471
REGION1,DENG,2031,1739,09426981665
REGION1,DENG,2032,1720,89518019859
REGION1,DENG,2033,1702,69609058054
REGION1,DENG,2034,1684,49700096248
REGION1,DENG,2035,1666,29791134442
REGION1,DENG,2036,1647,52609038117
REGION1,DENG,2037,1628,75426941791
REGION1,DENG,2038,1609,98244845465
REGION1,DENG,2039,1591,21062749139
REGION1,DENG,2040,1572,43880652814
REGION1,DENG,2041,1574,38104928456
REGION1,DENG,2042,1576,32329204098
REGION1,DENG,2043,1578,26553479741
REGION1,DENG,2044,1580,20777755383
REGION1,DENG,2045,1582,15002031025
REGION1,DENG,2046,1572,97002225316
REGION1,DENG,2047,1563,79002419607
REGION1,DENG,2048,1554,61002613898
REGION1,DENG,2049,1545,43002808189
REGION1,DENG,2050,1536,25003002481
REGION1,DENG,2051,1536,25003002481
REGION1,DENG,2052,1536,25003002481
REGION1,DENG,2053,1536,25003002481
REGION1,DENG,2054,1536,25003002481
REGION1,DENG,2055,1536,25003002481
REGION1,DENG,2056,1536,25003002481
REGION1,DENG,2057,1536,25003002481
REGION1,DENG,2058,1536,25003002481
REGION1,DENG,2059,1536,25003002481
REGION1,DENG,2060,1536,25003002481
REGION1,DKNG,2015,106,513167805372
REGION1,DKNG,2016,104,086921426465
REGION1,DKNG,2017,101,660675047558
REGION1,DKNG,2018,99,2344286686518
REGION1,DKNG,2019,96,8081822897452
REGION1,DKNG,2020,94,3819359108386
REGION1,DKNG,2021,95,1907957065844
REGION1,DKNG,2022,95,9996555023302
REGION1,DKNG,2023,96,808515298076
REGION1,DKNG,2024,97,6173750938218
REGION1,DKNG,2025,98,4262348895676
REGION1,DKNG,2026,95,7900392804206
REGION1,DKNG,2027,93,1538436712736
REGION1,DKNG,2028,90,5176480621266
REGION1,DKNG,2029,87,8814524529796
REGION1,DKNG,2030,85,2452568438326
REGION1,DKNG,2031,86,0607599009293
REGION1,DKNG,2032,86,876262958026
REGION1,DKNG,2033,87,6917660151227
REGION1,DKNG,2034,88,5072690722194
REGION1,DKNG,2035,89,3227721293161
REGION1,DKNG,2036,89,1742895750889
REGION1,DKNG,2037,89,0258070208617
REGION1,DKNG,2038,88,8773244666344
REGION1,DKNG,2039,88,7288419124072
REGION1,DKNG,2040,88,58035935818
REGION1,DKNG,2041,89,3701668726052
REGION1,DKNG,2042,90,1599743870303
REGION1,DKNG,2043,90,9497819014555
REGION1,DKNG,2044,91,7395894158806
REGION1,DKNG,2045,92,5293969303057
REGION1,DKNG,2046,92,6186227160036
REGION1,DKNG,2047,92,7078485017015
REGION1,DKNG,2048,92,7970742873994
REGION1,DKNG,2049,92,8863000730973
REGION1,DKNG,2050,92,9755258587952
REGION1,DKNG,2051,92,9755258587952
REGION1,DKNG,2052,92,9755258587952
REGION1,DKNG,2053,92,9755258587952
REGION1,DKNG,2054,92,9755258587952
REGION1,DKNG,2055,92,9755258587952
REGION1,DKNG,2056,92,9755258587952
REGION1,DKNG,2057,92,9755258587952
REGION1,DKNG,2058,92,9755258587952
REGION1,DKNG,2059,92,9755258587952
REGION1,DKNG,2060,92,9755258587952
REGION1,EENG,2015,17,4682027276871
REGION1,EENG,2016,17,239566971089
REGION1,EENG,2017,17,0109312144908
REGION1,EENG,2018,16,7822954578926
REGION1,EENG,2019,16,5536597012945
REGION1,EENG,2020,16,3250239446963
REGION1,EENG,2021,15,4468898977829
REGION1,EENG,2022,14,5687558508694
REGION1,EENG,2023,13,690621803956
REGION1,EENG,2024,12,8124877570426
REGION1,EENG,2025,11,9343537101292
REGION1,EENG,2026,11,0471750767919
REGION1,EENG,2027,10,1599964434545
REGION1,EENG,2028,9,27281781011719
REGION1,EENG,2029,8,38563917677986
REGION1,EENG,2030,7,49846054344253
REGION1,EENG,2031,8,2135887309243
REGION1,EENG,2032,8,92871691840606
REGION1,EENG,2033,9,64384510588783
REGION1,EENG,2034,10,3589732933696
REGION1,EENG,2035,11,0741014808514
REGION1,EENG,2036,11,1274285510258
REGION1,EENG,2037,11,1807556212002
REGION1,EENG,2038,11,2340826913747
REGION1,EENG,2039,11,2874097615491
REGION1,EENG,2040,11,3407368317236
REGION1,EENG,2041,11,4684177838311
REGION1,EENG,2042,11,5960987359386
REGION1,EENG,2043,11,7237796880461
REGION1,EENG,2044,11,8514606401536
REGION1,EENG,2045,11,9791415922611
REGION1,EENG,2046,11,9529177927943
REGION1,EENG,2047,11,9266939933274
REGION1,EENG,2048,11,9004701938606
REGION1,EENG,2049,11,8742463943937
REGION1,EENG,2050,11,8480225949269
REGION1,EENG,2051,11,8480225949269
REGION1,EENG,2052,11,8480225949269
REGION1,EENG,2053,11,8480225949269
REGION1,EENG,2054,11,8480225949269
REGION1,EENG,2055,11,8480225949269
REGION1,EENG,2056,11,8480225949269
REGION1,EENG,2057,11,8480225949269
REGION1,EENG,2058,11,8480225949269
REGION1,EENG,2059,11,8480225949269
REGION1,EENG,2060,11,8480225949269
REGION1,GRNG,2015,53,704925558528
REGION1,GRNG,2016,51,5776821191919
REGION1,GRNG,2017,49,4504386798559
REGION1,GRNG,2018,47,3231952405198
REGION1,GRNG,2019,45,1959518011837
REGION1,GRNG,2020,43,0687083618476
REGION1,GRNG,2021,47,4187103183734
REGION1,GRNG,2022,51,7687122748992
REGION1,GRNG,2023,56,118714231425
REGION1,GRNG,2024,60,4687161879507
REGION1,GRNG,2025,64,8187181444764
REGION1,GRNG,2026,65,9717614361233
REGION1,GRNG,2027,67,1248047277701
REGION1,GRNG,2028,68,277848019417
REGION1,GRNG,2029,69,4308913110638
REGION1,GRNG,2030,70,5839346027107
REGION1,GRNG,2031,72,7571901169963
REGION1,GRNG,2032,74,9304456312818
REGION1,GRNG,2033,77,1037011455674
REGION1,GRNG,2034,79,276956659853
REGION1,GRNG,2035,81,4502121741386
REGION1,GRNG,2036,83,2539029611024
REGION1,GRNG,2037,85,0575937480663
REGION1,GRNG,2038,86,8612845350301
REGION1,GRNG,2039,88,6649753219939
REGION1,GRNG,2040,90,4686661089577
REGION1,GRNG,2041,93,2411342556754
REGION1,GRNG,2042,96,0136024023931
REGION1,GRNG,2043,98,7860705491109
REGION1,GRNG,2044,101,558538695829
REGION1,GRNG,2045,104,331006842546
REGION1,GRNG,2046,103,781575052529
REGION1,GRNG,2047,103,232143262512
REGION1,GRNG,2048,102,682711472495
REGION1,GRNG,2049,102,133279682479
REGION1,GRNG,2050,101,583847892462
REGION1,GRNG,2051,101,583847892462
REGION1,GRNG,2052,101,583847892462
REGION1,GRNG,2053,101,583847892462
REGION1,GRNG,2054,101,583847892462
REGION1,GRNG,2055,101,583847892462
REGION1,GRNG,2056,101,583847892462
REGION1,GRNG,2057,101,583847892462
REGION1,GRNG,2058,101,583847892462
REGION1,GRNG,2059,101,583847892462
REGION1,GRNG,2060,101,583847892462
REGION1,ESNG,2015,614,665469806104
REGION1,ESNG,2016,596,936912613144
REGION1,ESNG,2017,579,208355420184
REGION1,ESNG,2018,561,479798227223
REGION1,ESNG,2019,543,751241034263
REGION1,ESNG,2020,526,022683841303
REGION1,ESNG,2021,536,888439825227
REGION1,ESNG,2022,547,75419580915
REGION1,ESNG,2023,558,619951793074
REGION1,ESNG,2024,569,485707776998
REGION1,ESNG,2025,580,351463760922
REGION1,ESNG,2026,578,057611471635
REGION1,ESNG,2027,575,763759182349
REGION1,ESNG,2028,573,469906893062
REGION1,ESNG,2029,571,176054603776
REGION1,ESNG,2030,568,882202314489
REGION1,ESNG,2031,564,980970839016
REGION1,ESNG,2032,561,079739363542
REGION1,ESNG,2033,557,178507888068
REGION1,ESNG,2034,553,277276412594
REGION1,ESNG,2035,549,376044937121
REGION1,ESNG,2036,552,186238981604
REGION1,ESNG,2037,554,996433026087
REGION1,ESNG,2038,557,80662707057
REGION1,ESNG,2039,560,616821115054
REGION1,ESNG,2040,563,427015159537
REGION1,ESNG,2041,563,723078333217
REGION1,ESNG,2042,564,019141506897
REGION1,ESNG,2043,564,315204680577
REGION1,ESNG,2044,564,611267854257
REGION1,ESNG,2045,564,907331027938
REGION1,ESNG,2046,566,515321661355
REGION1,ESNG,2047,568,123312294772
REGION1,ESNG,2048,569,73130292819
REGION1,ESNG,2049,571,339293561607
REGION1,ESNG,2050,572,947284195024
REGION1,ESNG,2051,572,947284195024
REGION1,ESNG,2052,572,947284195024
REGION1,ESNG,2053,572,947284195024
REGION1,ESNG,2054,572,947284195024
REGION1,ESNG,2055,572,947284195024
REGION1,ESNG,2056,572,947284195024
REGION1,ESNG,2057,572,947284195024
REGION1,ESNG,2058,572,947284195024
REGION1,ESNG,2059,572,947284195024
REGION1,ESNG,2060,572,947284195024
REGION1,FING,2015,46,4535833305709
REGION1,FING,2016,44,1885424656588
REGION1,FING,2017,41,9235016007468
REGION1,FING,2018,39,6584607358348
REGION1,FING,2019,37,3934198709227
REGION1,FING,2020,35,1283790060107
REGION1,FING,2021,37,058641977512
REGION1,FING,2022,38,9889049490133
REGION1,FING,2023,40,9191679205147
REGION1,FING,2024,42,849430892016
REGION1,FING,2025,44,7796938635173
REGION1,FING,2026,49,2721921841407
REGION1,FING,2027,53,7646905047641
REGION1,FING,2028,58,2571888253875
REGION1,FING,2029,62,7496871460109
REGION1,FING,2030,67,2421854666344
REGION1,FING,2031,67,9819345004694
REGION1,FING,2032,68,7216835343045
REGION1,FING,2033,69,4614325681396
REGION1,FING,2034,70,2011816019746
REGION1,FING,2035,70,9409306358096
REGION1,FING,2036,70,9400805684888
REGION1,FING,2037,70,9392305011681
REGION1,FING,2038,70,9383804338473
REGION1,FING,2039,70,9375303665265
REGION1,FING,2040,70,9366802992056
REGION1,FING,2041,71,2321615500833
REGION1,FING,2042,71,527642800961
REGION1,FING,2043,71,8231240518387
REGION1,FING,2044,72,1186053027164
REGION1,FING,2045,72,4140865535941
REGION1,FING,2046,71,7282064042868
REGION1,FING,2047,71,0423262549795
REGION1,FING,2048,70,3564461056722
REGION1,FING,2049,69,6705659563649
REGION1,FING,2050,68,9846858070576
REGION1,FING,2051,68,9846858070576
REGION1,FING,2052,68,9846858070576
REGION1,FING,2053,68,9846858070576
REGION1,FING,2054,68,9846858070576
REGION1,FING,2055,68,9846858070576
REGION1,FING,2056,68,9846858070576
REGION1,FING,2057,68,9846858070576
REGION1,FING,2058,68,9846858070576
REGION1,FING,2059,68,9846858070576
REGION1,FING,2060,68,9846858070576
REGION1,FRNG,2015,1313,59419401451
REGION1,FRNG,2016,1313,59419401451
REGION1,FRNG,2017,1285,6822986013
REGION1,FRNG,2018,1257,7704031881
REGION1,FRNG,2019,1229,8585077749
REGION1,FRNG,2020,1201,9466123617
REGION1,FRNG,2021,1174,0347169485
REGION1,FRNG,2022,1181,77931878377
REGION1,FRNG,2023,1189,52392061904
REGION1,FRNG,2024,1197,26852245431
REGION1,FRNG,2025,1205,01312428958
REGION1,FRNG,2026,1212,75772612485
REGION1,FRNG,2027,1170,48984372493
REGION1,FRNG,2028,1128,22196132502
REGION1,FRNG,2029,1085,95407892511
REGION1,FRNG,2030,1043,6861965252
REGION1,FRNG,2031,1001,41831412528
REGION1,FRNG,2032,993,180052110564
REGION1,FRNG,2033,984,941790095847
REGION1,FRNG,2034,976,703528081129
REGION1,FRNG,2035,968,465266066411
REGION1,FRNG,2036,960,227004051693
REGION1,FRNG,2037,947,354339211915
REGION1,FRNG,2038,934,481674372138
REGION1,FRNG,2039,921,60900953236
REGION1,FRNG,2040,908,736344692583
REGION1,FRNG,2041,895,863679852805
REGION1,FRNG,2042,893,95096600982
REGION1,FRNG,2043,892,038252166836
REGION1,FRNG,2044,890,125538323851
REGION1,FRNG,2045,888,212824480867
REGION1,FRNG,2046,886,300110637882
REGION1,FRNG,2047,882,392591457012
REGION1,FRNG,2048,878,485072276142
REGION1,FRNG,2049,874,577553095272
REGION1,FRNG,2050,870,670033914401
REGION1,FRNG,2051,866,762514733531
REGION1,FRNG,2052,866,762514733531
REGION1,FRNG,2053,866,762514733531
REGION1,FRNG,2054,866,762514733531
REGION1,FRNG,2055,866,762514733531
REGION1,FRNG,2056,866,762514733531
REGION1,FRNG,2057,866,762514733531
REGION1,FRNG,2058,866,762514733531
REGION1,FRNG,2059,866,762514733531
REGION1,FRNG,2060,866,762514733531
REGION1,HRNG,2015,74,6672003661016
REGION1,HRNG,2016,73,3459996931121
REGION1,HRNG,2017,72,0247990201226
REGION1,HRNG,2018,70,7035983471332
REGION1,HRNG,2019,69,3823976741437
REGION1,HRNG,2020,68,0611970011543
REGION1,HRNG,2021,68,9336847194515
REGION1,HRNG,2022,69,8061724377487
REGION1,HRNG,2023,70,678660156046
REGION1,HRNG,2024,71,5511478743432
REGION1,HRNG,2025,72,4236355926405
REGION1,HRNG,2026,72,3255025756892
REGION1,HRNG,2027,72,2273695587379
REGION1,HRNG,2028,72,1292365417866
REGION1,HRNG,2029,72,0311035248354
REGION1,HRNG,2030,71,9329705078841
REGION1,HRNG,2031,71,7340514714351
REGION1,HRNG,2032,71,535132434986
REGION1,HRNG,2033,71,3362133985369
REGION1,HRNG,2034,71,1372943620879
REGION1,HRNG,2035,70,9383753256388
REGION1,HRNG,2036,70,2946809806098
REGION1,HRNG,2037,69,6509866355808
REGION1,HRNG,2038,69,0072922905518
REGION1,HRNG,2039,68,3635979455227
REGION1,HRNG,2040,67,7199036004938
REGION1,HRNG,2041,67,4776915650414
REGION1,HRNG,2042,67,2354795295891
REGION1,HRNG,2043,66,9932674941367
REGION1,HRNG,2044,66,7510554586844
REGION1,HRNG,2045,66,5088434232321
REGION1,HRNG,2046,66,3006725571496
REGION1,HRNG,2047,66,0925016910672
REGION1,HRNG,2048,65,8843308249848
REGION1,HRNG,2049,65,6761599589023
REGION1,HRNG,2050,65,4679890928199
REGION1,HRNG,2051,65,4679890928199
REGION1,HRNG,2052,65,4679890928199
REGION1,HRNG,2053,65,4679890928199
REGION1,HRNG,2054,65,4679890928199
REGION1,HRNG,2055,65,4679890928199
REGION1,HRNG,2056,65,4679890928199
REGION1,HRNG,2057,65,4679890928199
REGION1,HRNG,2058,65,4679890928199
REGION1,HRNG,2059,65,4679890928199
REGION1,HRNG,2060,65,4679890928199
REGION1,HUNG,2015,284,847219836748
REGION1,HUNG,2016,283,285365400663
REGION1,HUNG,2017,281,723510964578
REGION1,HUNG,2018,280,161656528492
REGION1,HUNG,2019,278,599802092407
REGION1,HUNG,2020,277,037947656322
REGION1,HUNG,2021,281,676388649054
REGION1,HUNG,2022,286,314829641787
REGION1,HUNG,2023,290,953270634519
REGION1,HUNG,2024,295,591711627251
REGION1,HUNG,2025,300,230152619984
REGION1,HUNG,2026,298,97137500061
REGION1,HUNG,2027,297,712597381236
REGION1,HUNG,2028,296,453819761862
REGION1,HUNG,2029,295,195042142488
REGION1,HUNG,2030,293,936264523115
REGION1,HUNG,2031,289,075922925385
REGION1,HUNG,2032,284,215581327656
REGION1,HUNG,2033,279,355239729927
REGION1,HUNG,2034,274,494898132198
REGION1,HUNG,2035,269,634556534468
REGION1,HUNG,2036,264,686701962119
REGION1,HUNG,2037,259,738847389769
REGION1,HUNG,2038,254,79099281742
REGION1,HUNG,2039,249,84313824507
REGION1,HUNG,2040,244,89528367272
REGION1,HUNG,2041,244,434483976777
REGION1,HUNG,2042,243,973684280834
REGION1,HUNG,2043,243,51288458489
REGION1,HUNG,2044,243,052084888947
REGION1,HUNG,2045,242,591285193004
REGION1,HUNG,2046,242,116380483155
REGION1,HUNG,2047,241,641475773307
REGION1,HUNG,2048,241,166571063459
REGION1,HUNG,2049,240,691666353611
REGION1,HUNG,2050,240,216761643763
REGION1,HUNG,2051,240,216761643763
REGION1,HUNG,2052,240,216761643763
REGION1,HUNG,2053,240,216761643763
REGION1,HUNG,2054,240,216761643763
REGION1,HUNG,2055,240,216761643763
REGION1,HUNG,2056,240,216761643763
REGION1,HUNG,2057,240,216761643763
REGION1,HUNG,2058,240,216761643763
REGION1,HUNG,2059,240,216761643763
REGION1,HUNG,2060,240,216761643763
REGION1,IENG,2015,69,2703908251251
REGION1,IENG,2016,69,486828794046
REGION1,IENG,2017,69,7032667629669
REGION1,IENG,2018,69,9197047318878
REGION1,IENG,2019,70,1361427008087
REGION1,IENG,2020,70,3525806697295
REGION1,IENG,2021,66,7847330638114
REGION1,IENG,2022,63,2168854578932
REGION1,IENG,2023,59,6490378519751
REGION1,IENG,2024,56,081190246057
REGION1,IENG,2025,52,5133426401388
REGION1,IENG,2026,52,1194195220008
REGION1,IENG,2027,51,7254964038627
REGION1,IENG,2028,51,3315732857246
REGION1,IENG,2029,50,9376501675865
REGION1,IENG,2030,50,5437270494484
REGION1,IENG,2031,49,793624677989
REGION1,IENG,2032,49,0435223065296
REGION1,IENG,2033,48,2934199350702
REGION1,IENG,2034,47,5433175636108
REGION1,IENG,2035,46,7932151921515
REGION1,IENG,2036,45,5760518190358
REGION1,IENG,2037,44,35888844592
REGION1,IENG,2038,43,1417250728042
REGION1,IENG,2039,41,9245616996885
REGION1,IENG,2040,40,7073983265728
REGION1,IENG,2041,41,32614901521
REGION1,IENG,2042,41,9448997038472
REGION1,IENG,2043,42,5636503924844
REGION1,IENG,2044,43,1824010811216
REGION1,IENG,2045,43,8011517697588
REGION1,IENG,2046,44,2269274386875
REGION1,IENG,2047,44,6527031076162
REGION1,IENG,2048,45,078478776545
REGION1,IENG,2049,45,5042544454737
REGION1,IENG,2050,45,9300301144024
REGION1,IENG,2051,45,9300301144024
REGION1,IENG,2052,45,9300301144024
REGION1,IENG,2053,45,9300301144024
REGION1,IENG,2054,45,9300301144024
REGION1,IENG,2055,45,9300301144024
REGION1,IENG,2056,45,9300301144024
REGION1,IENG,2057,45,9300301144024
REGION1,IENG,2058,45,9300301144024
REGION1,IENG,2059,45,9300301144024
REGION1,IENG,2060,45,9300301144024
REGION1,ITNG,2015,1469,53792862108
REGION1,ITNG,2016,1450,78062567726
REGION1,ITNG,2017,1432,02332273344
REGION1,ITNG,2018,1413,26601978962
REGION1,ITNG,2019,1394,5087168458
REGION1,ITNG,2020,1375,75141390199
REGION1,ITNG,2021,1389,23327360144
REGION1,ITNG,2022,1402,7151333009
REGION1,ITNG,2023,1416,19699300035
REGION1,ITNG,2024,1429,67885269981
REGION1,ITNG,2025,1443,16071239926
REGION1,ITNG,2026,1403,40018773228
REGION1,ITNG,2027,1363,6396630653
REGION1,ITNG,2028,1323,87913839832
REGION1,ITNG,2029,1284,11861373134
REGION1,ITNG,2030,1244,35808906436
REGION1,ITNG,2031,1211,50900822329
REGION1,ITNG,2032,1178,65992738222
REGION1,ITNG,2033,1145,81084654115
REGION1,ITNG,2034,1112,96176570008
REGION1,ITNG,2035,1080,11268485901
REGION1,ITNG,2036,1070,60445296293
REGION1,ITNG,2037,1061,09622106686
REGION1,ITNG,2038,1051,58798917078
REGION1,ITNG,2039,1042,07975727471
REGION1,ITNG,2040,1032,57152537863
REGION1,ITNG,2041,1032,50751288026
REGION1,ITNG,2042,1032,44350038188
REGION1,ITNG,2043,1032,37948788351
REGION1,ITNG,2044,1032,31547538513
REGION1,ITNG,2045,1032,25146288676
REGION1,ITNG,2046,1029,51127932469
REGION1,ITNG,2047,1026,77109576261
REGION1,ITNG,2048,1024,03091220054
REGION1,ITNG,2049,1021,29072863847
REGION1,ITNG,2050,1018,55054507639
REGION1,ITNG,2051,1018,55054507639
REGION1,ITNG,2052,1018,55054507639
REGION1,ITNG,2053,1018,55054507639
REGION1,ITNG,2054,1018,55054507639
REGION1,ITNG,2055,1018,55054507639
REGION1,ITNG,2056,1018,55054507639
REGION1,ITNG,2057,1018,55054507639
REGION1,ITNG,2058,1018,55054507639
REGION1,ITNG,2059,1018,55054507639
REGION1,ITNG,2060,1018,55054507639
REGION1,LTNG,2015,69,6694796542979
REGION1,LTNG,2016,70,9856725855913
REGION1,LTNG,2017,72,3018655168847
REGION1,LTNG,2018,73,6180584481781
REGION1,LTNG,2019,74,9342513794715
REGION1,LTNG,2020,76,2504443107649
REGION1,LTNG,2021,77,2261179081494
REGION1,LTNG,2022,78,2017915055339
REGION1,LTNG,2023,79,1774651029184
REGION1,LTNG,2024,80,1531387003029
REGION1,LTNG,2025,81,1288122976874
REGION1,LTNG,2026,80,9523706678231
REGION1,LTNG,2027,80,7759290379587
REGION1,LTNG,2028,80,5994874080943
REGION1,LTNG,2029,80,42304577823
REGION1,LTNG,2030,80,2466041483657
REGION1,LTNG,2031,79,878398508469
REGION1,LTNG,2032,79,5101928685723
REGION1,LTNG,2033,79,1419872286756
REGION1,LTNG,2034,78,7737815887789
REGION1,LTNG,2035,78,4055759488823
REGION1,LTNG,2036,78,7930345032188
REGION1,LTNG,2037,79,1804930575553
REGION1,LTNG,2038,79,5679516118918
REGION1,LTNG,2039,79,9554101662284
REGION1,LTNG,2040,80,3428687205649
REGION1,LTNG,2041,80,8501860393287
REGION1,LTNG,2042,81,3575033580925
REGION1,LTNG,2043,81,8648206768563
REGION1,LTNG,2044,82,3721379956201
REGION1,LTNG,2045,82,8794553143839
REGION1,LTNG,2046,83,4554291929447
REGION1,LTNG,2047,84,0314030715054
REGION1,LTNG,2048,84,6073769500662
REGION1,LTNG,2049,85,1833508286269
REGION1,LTNG,2050,85,7593247071877
REGION1,LTNG,2051,85,7593247071877
REGION1,LTNG,2052,85,7593247071877
REGION1,LTNG,2053,85,7593247071877
REGION1,LTNG,2054,85,7593247071877
REGION1,LTNG,2055,85,7593247071877
REGION1,LTNG,2056,85,7593247071877
REGION1,LTNG,2057,85,7593247071877
REGION1,LTNG,2058,85,7593247071877
REGION1,LTNG,2059,85,7593247071877
REGION1,LTNG,2060,85,7593247071877
REGION1,LUNG,2015,26,2302890410607
REGION1,LUNG,2016,26,2809127904668
REGION1,LUNG,2017,26,3315365398728
REGION1,LUNG,2018,26,3821602892789
REGION1,LUNG,2019,26,4327840386849
REGION1,LUNG,2020,26,483407788091
REGION1,LUNG,2021,25,1047952306484
REGION1,LUNG,2022,23,7261826732058
REGION1,LUNG,2023,22,3475701157632
REGION1,LUNG,2024,20,9689575583207
REGION1,LUNG,2025,19,5903450008781
REGION1,LUNG,2026,18,9059604118344
REGION1,LUNG,2027,18,2215758227906
REGION1,LUNG,2028,17,5371912337469
REGION1,LUNG,2029,16,8528066447032
REGION1,LUNG,2030,16,1684220556594
REGION1,LUNG,2031,15,9588975418256
REGION1,LUNG,2032,15,7493730279917
REGION1,LUNG,2033,15,5398485141578
REGION1,LUNG,2034,15,3303240003239
REGION1,LUNG,2035,15,12079948649
REGION1,LUNG,2036,14,901399341073
REGION1,LUNG,2037,14,681999195656
REGION1,LUNG,2038,14,4625990502389
REGION1,LUNG,2039,14,2431989048219
REGION1,LUNG,2040,14,0237987594049
REGION1,LUNG,2041,13,9012097421209
REGION1,LUNG,2042,13,778620724837
REGION1,LUNG,2043,13,656031707553
REGION1,LUNG,2044,13,5334426902691
REGION1,LUNG,2045,13,4108536729852
REGION1,LUNG,2046,13,229509238188
REGION1,LUNG,2047,13,0481648033909
REGION1,LUNG,2048,12,8668203685937
REGION1,LUNG,2049,12,6854759337966
REGION1,LUNG,2050,12,5041314989995
REGION1,LUNG,2051,12,5041314989995
REGION1,LUNG,2052,12,5041314989995
REGION1,LUNG,2053,12,5041314989995
REGION1,LUNG,2054,12,5041314989995
REGION1,LUNG,2055,12,5041314989995
REGION1,LUNG,2056,12,5041314989995
REGION1,LUNG,2057,12,5041314989995
REGION1,LUNG,2058,12,5041314989995
REGION1,LUNG,2059,12,5041314989995
REGION1,LUNG,2060,12,5041314989995
REGION1,LVNG,2015,26,1994602035047
REGION1,LVNG,2016,24,4991066891417
REGION1,LVNG,2017,22,7987531747788
REGION1,LVNG,2018,21,0983996604158
REGION1,LVNG,2019,19,3980461460528
REGION1,LVNG,2020,17,6976926316899
REGION1,LVNG,2021,16,9209801807485
REGION1,LVNG,2022,16,144267729807
REGION1,LVNG,2023,15,3675552788656
REGION1,LVNG,2024,14,5908428279242
REGION1,LVNG,2025,13,8141303769828
REGION1,LVNG,2026,13,7623998184724
REGION1,LVNG,2027,13,710669259962
REGION1,LVNG,2028,13,6589387014517
REGION1,LVNG,2029,13,6072081429413
REGION1,LVNG,2030,13,5554775844309
REGION1,LVNG,2031,14,6981965096011
REGION1,LVNG,2032,15,8409154347713
REGION1,LVNG,2033,16,9836343599415
REGION1,LVNG,2034,18,1263532851117
REGION1,LVNG,2035,19,269072210282
REGION1,LVNG,2036,19,1020992900044
REGION1,LVNG,2037,18,9351263697268
REGION1,LVNG,2038,18,7681534494493
REGION1,LVNG,2039,18,6011805291717
REGION1,LVNG,2040,18,4342076088942
REGION1,LVNG,2041,18,4308233163848
REGION1,LVNG,2042,18,4274390238755
REGION1,LVNG,2043,18,4240547313662
REGION1,LVNG,2044,18,4206704388568
REGION1,LVNG,2045,18,4172861463475
REGION1,LVNG,2046,18,1436390914723
REGION1,LVNG,2047,17,869992036597
REGION1,LVNG,2048,17,5963449817218
REGION1,LVNG,2049,17,3226979268466
REGION1,LVNG,2050,17,0490508719714
REGION1,LVNG,2051,17,0490508719714
REGION1,LVNG,2052,17,0490508719714
REGION1,LVNG,2053,17,0490508719714
REGION1,LVNG,2054,17,0490508719714
REGION1,LVNG,2055,17,0490508719714
REGION1,LVNG,2056,17,0490508719714
REGION1,LVNG,2057,17,0490508719714
REGION1,LVNG,2058,17,0490508719714
REGION1,LVNG,2059,17,0490508719714
REGION1,LVNG,2060,17,0490508719714
REGION1,MTNG,2015,0
REGION1,MTNG,2016,0
REGION1,MTNG,2017,0
REGION1,MTNG,2018,0
REGION1,MTNG,2019,0
REGION1,MTNG,2020,0
REGION1,MTNG,2021,0
REGION1,MTNG,2022,0
REGION1,MTNG,2023,0
REGION1,MTNG,2024,0
REGION1,MTNG,2025,0
REGION1,MTNG,2026,0
REGION1,MTNG,2027,0
REGION1,MTNG,2028,0
REGION1,MTNG,2029,0
REGION1,MTNG,2030,0
REGION1,MTNG,2031,0
REGION1,MTNG,2032,0
REGION1,MTNG,2033,0,206527491169284
REGION1,MTNG,2034,0,420906270122607
REGION1,MTNG,2035,0,635285049075937
REGION1,MTNG,2036,0,736125488977404
REGION1,MTNG,2037,0,836965928878872
REGION1,MTNG,2038,0,93780636878034
REGION1,MTNG,2039,1,0386468086818
REGION1,MTNG,2040,1,13948724858328
REGION1,MTNG,2041,1,5318534872738
REGION1,MTNG,2042,1,92421972596431
REGION1,MTNG,2043,2,31658596465483
REGION1,MTNG,2044,2,70895220334535
REGION1,MTNG,2045,3,10131844203586
REGION1,MTNG,2046,3,78225933354664
REGION1,MTNG,2047,4,46320022505743
REGION1,MTNG,2048,5,14414111656821
REGION1,MTNG,2049,5,825082008079
REGION1,MTNG,2050,6,50602289958978
REGION1,MTNG,2051,6,50602289958978
REGION1,MTNG,2052,6,50602289958978
REGION1,MTNG,2053,6,50602289958978
REGION1,MTNG,2054,6,50602289958978
REGION1,MTNG,2055,6,50602289958978
REGION1,MTNG,2056,6,50602289958978
REGION1,MTNG,2057,6,50602289958978
REGION1,MTNG,2058,6,50602289958978
REGION1,MTNG,2059,6,50602289958978
REGION1,MTNG,2060,6,50602289958978
REGION1,NLNG,2015,817,56764368436
REGION1,NLNG,2016,809,455622538855
REGION1,NLNG,2017,801,34360139335
REGION1,NLNG,2018,793,231580247845
REGION1,NLNG,2019,785,11955910234
REGION1,NLNG,2020,777,007537956835
REGION1,NLNG,2021,769,044315333026
REGION1,NLNG,2022,761,081092709217
REGION1,NLNG,2023,753,117870085409
REGION1,NLNG,2024,745,1546474616
REGION1,NLNG,2025,737,191424837791
REGION1,NLNG,2026,739,625094835989
REGION1,NLNG,2027,742,058764834186
REGION1,NLNG,2028,744,492434832383
REGION1,NLNG,2029,746,92610483058
REGION1,NLNG,2030,749,359774828777
REGION1,NLNG,2031,744,020990366443
REGION1,NLNG,2032,738,682205904108
REGION1,NLNG,2033,733,343421441774
REGION1,NLNG,2034,728,004636979439
REGION1,NLNG,2035,722,665852517105
REGION1,NLNG,2036,722,143746336132
REGION1,NLNG,2037,721,621640155159
REGION1,NLNG,2038,721,099533974186
REGION1,NLNG,2039,720,577427793213
REGION1,NLNG,2040,720,05532161224
REGION1,NLNG,2041,728,753921767182
REGION1,NLNG,2042,737,452521922125
REGION1,NLNG,2043,746,151122077068
REGION1,NLNG,2044,754,849722232011
REGION1,NLNG,2045,763,548322386954
REGION1,NLNG,2046,767,433869319725
REGION1,NLNG,2047,771,319416252495
REGION1,NLNG,2048,775,204963185266
REGION1,NLNG,2049,779,090510118036
REGION1,NLNG,2050,782,976057050807
REGION1,NLNG,2051,782,976057050807
REGION1,NLNG,2052,782,976057050807
REGION1,NLNG,2053,782,976057050807
REGION1,NLNG,2054,782,976057050807
REGION1,NLNG,2055,782,976057050807
REGION1,NLNG,2056,782,976057050807
REGION1,NLNG,2057,782,976057050807
REGION1,NLNG,2058,782,976057050807
REGION1,NLNG,2059,782,976057050807
REGION1,NLNG,2060,782,976057050807
REGION1,PLNG,2015,511,00772919074
REGION1,PLNG,2016,505,568361926867
REGION1,PLNG,2017,500,128994662994
REGION1,PLNG,2018,494,689627399121
REGION1,PLNG,2019,489,250260135249
REGION1,PLNG,2020,483,810892871376
REGION1,PLNG,2021,492,596278439226
REGION1,PLNG,2022,501,381664007077
REGION1,PLNG,2023,510,167049574927
REGION1,PLNG,2024,518,952435142778
REGION1,PLNG,2025,527,737820710628
REGION1,PLNG,2026,529,52126438647
REGION1,PLNG,2027,531,304708062311
REGION1,PLNG,2028,533,088151738153
REGION1,PLNG,2029,534,871595413994
REGION1,PLNG,2030,536,655039089835
REGION1,PLNG,2031,543,452832951922
REGION1,PLNG,2032,550,250626814009
REGION1,PLNG,2033,557,048420676096
REGION1,PLNG,2034,563,846214538183
REGION1,PLNG,2035,570,64400840027
REGION1,PLNG,2036,570,647841205314
REGION1,PLNG,2037,570,651674010356
REGION1,PLNG,2038,570,6555068154
REGION1,PLNG,2039,570,659339620443
REGION1,PLNG,2040,570,663172425486
REGION1,PLNG,2041,570,198711737941
REGION1,PLNG,2042,569,734251050396
REGION1,PLNG,2043,569,269790362851
REGION1,PLNG,2044,568,805329675306
REGION1,PLNG,2045,568,34086898776
REGION1,PLNG,2046,574,506792301934
REGION1,PLNG,2047,580,672715616108
REGION1,PLNG,2048,586,838638930281
REGION1,PLNG,2049,593,004562244455
REGION1,PLNG,2050,599,170485558628
REGION1,PLNG,2051,599,170485558628
REGION1,PLNG,2052,599,170485558628
REGION1,PLNG,2053,599,170485558628
REGION1,PLNG,2054,599,170485558628
REGION1,PLNG,2055,599,170485558628
REGION1,PLNG,2056,599,170485558628
REGION1,PLNG,2057,599,170485558628
REGION1,PLNG,2058,599,170485558628
REGION1,PLNG,2059,599,170485558628
REGION1,PLNG,2060,599,170485558628
REGION1,PTNG,2015,80,6399333679183
REGION1,PTNG,2016,78,3804396750414
REGION1,PTNG,2017,76,1209459821645
REGION1,PTNG,2018,73,8614522892876
REGION1,PTNG,2019,71,6019585964107
REGION1,PTNG,2020,69,3424649035337
REGION1,PTNG,2021,72,0153506941202
REGION1,PTNG,2022,74,6882364847067
REGION1,PTNG,2023,77,3611222752931
REGION1,PTNG,2024,80,0340080658796
REGION1,PTNG,2025,82,7068938564661
REGION1,PTNG,2026,80,3647300668033
REGION1,PTNG,2027,78,0225662771407
REGION1,PTNG,2028,75,680402487478
REGION1,PTNG,2029,73,3382386978153
REGION1,PTNG,2030,70,9960749081526
REGION1,PTNG,2031,70,4576307411005
REGION1,PTNG,2032,69,9191865740484
REGION1,PTNG,2033,69,3807424069962
REGION1,PTNG,2034,68,8422982399441
REGION1,PTNG,2035,68,303854072892
REGION1,PTNG,2036,68,5402272546396
REGION1,PTNG,2037,68,7766004363872
REGION1,PTNG,2038,69,0129736181348
REGION1,PTNG,2039,69,2493467998824
REGION1,PTNG,2040,69,48571998163
REGION1,PTNG,2041,69,1222387816908
REGION1,PTNG,2042,68,7587575817517
REGION1,PTNG,2043,68,3952763818125
REGION1,PTNG,2044,68,0317951818733
REGION1,PTNG,2045,67,6683139819341
REGION1,PTNG,2046,67,3627508683848
REGION1,PTNG,2047,67,0571877548353
REGION1,PTNG,2048,66,7516246412859
REGION1,PTNG,2049,66,4460615277365
REGION1,PTNG,2050,66,1404984141871
REGION1,PTNG,2051,66,1404984141871
REGION1,PTNG,2052,66,1404984141871
REGION1,PTNG,2053,66,1404984141871
REGION1,PTNG,2054,66,1404984141871
REGION1,PTNG,2055,66,1404984141871
REGION1,PTNG,2056,66,1404984141871
REGION1,PTNG,2057,66,1404984141871
REGION1,PTNG,2058,66,1404984141871
REGION1,PTNG,2059,66,1404984141871
REGION1,PTNG,2060,66,1404984141871
REGION1,RONG,2015,297,108384057368
REGION1,RONG,2016,298,187906235225
REGION1,RONG,2017,299,267428413082
REGION1,RONG,2018,300,346950590939
REGION1,RONG,2019,301,426472768796
REGION1,RONG,2020,302,505994946653
REGION1,RONG,2021,303,283571170846
REGION1,RONG,2022,304,061147395038
REGION1,RONG,2023,304,838723619231
REGION1,RONG,2024,305,616299843424
REGION1,RONG,2025,306,393876067616
REGION1,RONG,2026,299,662551418167
REGION1,RONG,2027,292,931226768717
REGION1,RONG,2028,286,199902119267
REGION1,RONG,2029,279,468577469818
REGION1,RONG,2030,272,737252820368
REGION1,RONG,2031,272,00063978393
REGION1,RONG,2032,271,264026747492
REGION1,RONG,2033,270,527413711054
REGION1,RONG,2034,269,790800674616
REGION1,RONG,2035,269,054187638177
REGION1,RONG,2036,267,079461631632
REGION1,RONG,2037,265,104735625087
REGION1,RONG,2038,263,130009618542
REGION1,RONG,2039,261,155283611997
REGION1,RONG,2040,259,180557605452
REGION1,RONG,2041,257,362667170115
REGION1,RONG,2042,255,544776734779
REGION1,RONG,2043,253,726886299443
REGION1,RONG,2044,251,908995864106
REGION1,RONG,2045,250,09110542877
REGION1,RONG,2046,250,312745456309
REGION1,RONG,2047,250,534385483848
REGION1,RONG,2048,250,756025511386
REGION1,RONG,2049,250,977665538925
REGION1,RONG,2050,251,199305566464
REGION1,RONG,2051,251,199305566464
REGION1,RONG,2052,251,199305566464
REGION1,RONG,2053,251,199305566464
REGION1,RONG,2054,251,199305566464
REGION1,RONG,2055,251,199305566464
REGION1,RONG,2056,251,199305566464
REGION1,RONG,2057,251,199305566464
REGION1,RONG,2058,251,199305566464
REGION1,RONG,2059,251,199305566464
REGION1,RONG,2060,251,199305566464
REGION1,SENG,2015,28,3520097861896
REGION1,SENG,2016,30,5687739297223
REGION1,SENG,2017,32,7855380732551
REGION1,SENG,2018,35,0023022167879
REGION1,SENG,2019,37,2190663603206
REGION1,SENG,2020,39,4358305038534
REGION1,SENG,2021,39,4429558687823
REGION1,SENG,2022,39,4500812337112
REGION1,SENG,2023,39,4572065986401
REGION1,SENG,2024,39,464331963569
REGION1,SENG,2025,39,471457328498
REGION1,SENG,2026,40,3660983191955
REGION1,SENG,2027,41,2607393098931
REGION1,SENG,2028,42,1553803005907
REGION1,SENG,2029,43,0500212912882
REGION1,SENG,2030,43,9446622819858
REGION1,SENG,2031,47,346444085338
REGION1,SENG,2032,50,7482258886903
REGION1,SENG,2033,54,1500076920425
REGION1,SENG,2034,57,5517894953948
REGION1,SENG,2035,60,953571298747
REGION1,SENG,2036,64,8454600380803
REGION1,SENG,2037,68,7373487774137
REGION1,SENG,2038,72,629237516747
REGION1,SENG,2039,76,5211262560803
REGION1,SENG,2040,80,4130149954136
REGION1,SENG,2041,82,3149375125602
REGION1,SENG,2042,84,2168600297069
REGION1,SENG,2043,86,1187825468535
REGION1,SENG,2044,88,0207050640001
REGION1,SENG,2045,89,9226275811468
REGION1,SENG,2046,91,9635099635669
REGION1,SENG,2047,94,0043923459872
REGION1,SENG,2048,96,0452747284074
REGION1,SENG,2049,98,0861571108276
REGION1,SENG,2050,100,127039493248
REGION1,SENG,2051,100,127039493248
REGION1,SENG,2052,100,127039493248
REGION1,SENG,2053,100,127039493248
REGION1,SENG,2054,100,127039493248
REGION1,SENG,2055,100,127039493248
REGION1,SENG,2056,100,127039493248
REGION1,SENG,2057,100,127039493248
REGION1,SENG,2058,100,127039493248
REGION1,SENG,2059,100,127039493248
REGION1,SENG,2060,100,127039493248
REGION1,SING,2015,25,9916078515031
REGION1,SING,2016,25,4782403027213
REGION1,SING,2017,24,9648727539396
REGION1,SING,2018,24,4515052051579
REGION1,SING,2019,23,9381376563762
REGION1,SING,2020,23,4247701075945
REGION1,SING,2021,24,1608395891674
REGION1,SING,2022,24,8969090707403
REGION1,SING,2023,25,6329785523131
REGION1,SING,2024,26,369048033886
REGION1,SING,2025,27,1051175154589
REGION1,SING,2026,26,5878238415161
REGION1,SING,2027,26,0705301675732
REGION1,SING,2028,25,5532364936304
REGION1,SING,2029,25,0359428196875
REGION1,SING,2030,24,5186491457446
REGION1,SING,2031,23,7830709634441
REGION1,SING,2032,23,0474927811436
REGION1,SING,2033,22,311914598843
REGION1,SING,2034,21,5763364165425
REGION1,SING,2035,20,840758234242
REGION1,SING,2036,20,7083090100572
REGION1,SING,2037,20,5758597858724
REGION1,SING,2038,20,4434105616877
REGION1,SING,2039,20,3109613375029
REGION1,SING,2040,20,1785121133181
REGION1,SING,2041,19,8755685956974
REGION1,SING,2042,19,5726250780767
REGION1,SING,2043,19,269681560456
REGION1,SING,2044,18,9667380428353
REGION1,SING,2045,18,6637945252146
REGION1,SING,2046,18,7452448494021
REGION1,SING,2047,18,8266951735896
REGION1,SING,2048,18,9081454977772
REGION1,SING,2049,18,9895958219647
REGION1,SING,2050,19,0710461461522
REGION1,SING,2051,19,0710461461522
REGION1,SING,2052,19,0710461461522
REGION1,SING,2053,19,0710461461522
REGION1,SING,2054,19,0710461461522
REGION1,SING,2055,19,0710461461522
REGION1,SING,2056,19,0710461461522
REGION1,SING,2057,19,0710461461522
REGION1,SING,2058,19,0710461461522
REGION1,SING,2059,19,0710461461522
REGION1,SING,2060,19,0710461461522
REGION1,SKNG,2015,146,491895718339
REGION1,SKNG,2016,142,889829880721
REGION1,SKNG,2017,139,287764043103
REGION1,SKNG,2018,135,685698205485
REGION1,SKNG,2019,132,083632367866
REGION1,SKNG,2020,128,481566530248
REGION1,SKNG,2021,129,212537021875
REGION1,SKNG,2022,129,943507513502
REGION1,SKNG,2023,130,674478005129
REGION1,SKNG,2024,131,405448496756
REGION1,SKNG,2025,132,136418988383
REGION1,SKNG,2026,131,862711881288
REGION1,SKNG,2027,131,589004774193
REGION1,SKNG,2028,131,315297667098
REGION1,SKNG,2029,131,041590560003
REGION1,SKNG,2030,130,767883452908
REGION1,SKNG,2031,131,228928526154
REGION1,SKNG,2032,131,689973599399
REGION1,SKNG,2033,132,151018672645
REGION1,SKNG,2034,132,61206374589
REGION1,SKNG,2035,133,073108819136
REGION1,SKNG,2036,132,434818982103
REGION1,SKNG,2037,131,79652914507
REGION1,SKNG,2038,131,158239308037
REGION1,SKNG,2039,130,519949471004
REGION1,SKNG,2040,129,881659633971
REGION1,SKNG,2041,129,302985322444
REGION1,SKNG,2042,128,724311010916
REGION1,SKNG,2043,128,145636699389
REGION1,SKNG,2044,127,566962387862
REGION1,SKNG,2045,126,988288076334
REGION1,SKNG,2046,125,88591092549
REGION1,SKNG,2047,124,783533774646
REGION1,SKNG,2048,123,681156623802
REGION1,SKNG,2049,122,578779472958
REGION1,SKNG,2050,121,476402322114
REGION1,SKNG,2051,121,476402322114
REGION1,SKNG,2052,121,476402322114
REGION1,SKNG,2053,121,476402322114
REGION1,SKNG,2054,121,476402322114
REGION1,SKNG,2055,121,476402322114
REGION1,SKNG,2056,121,476402322114
REGION1,SKNG,2057,121,476402322114
REGION1,SKNG,2058,121,476402322114
REGION1,SKNG,2059,121,476402322114
REGION1,SKNG,2060,121,476402322114
REGION1,NONG,2015,0
REGION1,NONG,2016,158,265
REGION1,NONG,2017,154,748
REGION1,NONG,2018,161,782
REGION1,NONG,2019,154,748
REGION1,NONG,2020,161,782
REGION1,NONG,2021,154,748
REGION1,NONG,2022,151,231
REGION1,NONG,2023,147,450225
REGION1,NONG,2024,143,763969375
REGION1,NONG,2025,140,169870140625
REGION1,NONG,2026,136,665623387109
REGION1,NONG,2027,133,248982802432
REGION1,NONG,2028,129,917758232371
REGION1,NONG,2029,126,669814276562
REGION1,NONG,2030,123,503068919648
REGION1,NONG,2031,120,415492196656
REGION1,NONG,2032,117,40510489174
REGION1,NONG,2033,114,469977269446
REGION1,NONG,2034,111,60822783771
REGION1,NONG,2035,108,818022141768
REGION1,NONG,2036,106,097571588223
REGION1,NONG,2037,103,445132298518
REGION1,NONG,2038,100,859003991055
REGION1,NONG,2039,98,3375288912784
REGION1,NONG,2040,95,8790906689965
REGION1,NONG,2041,93,4821134022716
REGION1,NONG,2042,91,1450605672148
REGION1,NONG,2043,88,8664340530344
REGION1,NONG,2044,86,6447732017085
REGION1,NONG,2045,84,4786538716658
REGION1,NONG,2046,82,3666875248742
REGION1,NONG,2047,80,3075203367523
REGION1,NONG,2048,78,2998323283335
REGION1,NONG,2049,76,3423365201252
REGION1,NONG,2050,74,4337781071221
REGION1,NONG,2051,72,572933654444
REGION1,NONG,2052,70,7586103130829
REGION1,NONG,2053,68,9896450552558
REGION1,NONG,2054,67,2649039288744
REGION1,NONG,2055,65,5832813306526
REGION1,NONG,2056,63,9436992973863
REGION1,NONG,2057,62,3451068149516
REGION1,NONG,2058,60,7864791445778
REGION1,NONG,2059,59,2668171659634
REGION1,NONG,2060,57,7851467368143
REGION1,UKNG,2015,56,3405180683939
REGION1,UKNG,2016,1803,14843459268
REGION1,UKNG,2017,1789,29821161775
REGION1,UKNG,2018,1775,44798864282
REGION1,UKNG,2019,1761,59776566788
REGION1,UKNG,2020,1747,74754269295
REGION1,UKNG,2021,1821,54547773089
REGION1,UKNG,2022,1780,26789197873
REGION1,UKNG,2023,1738,99030622656
REGION1,UKNG,2024,1697,7127204744
REGION1,UKNG,2025,1656,43513472224
REGION1,UKNG,2026,1670,75859345175
REGION1,UKNG,2027,1657,79259330129
REGION1,UKNG,2028,1644,82659315083
REGION1,UKNG,2029,1631,86059300037
REGION1,UKNG,2030,1618,89459284991
REGION1,UKNG,2031,1588,25766320227
REGION1,UKNG,2032,1549,09668550051
REGION1,UKNG,2033,1509,93570779875
REGION1,UKNG,2034,1470,774730097
REGION1,UKNG,2035,1431,61375239524
REGION1,UKNG,2036,1497,19923153558
REGION1,UKNG,2037,1480,1534151106
REGION1,UKNG,2038,1463,10759868562
REGION1,UKNG,2039,1446,06178226064
REGION1,UKNG,2040,1429,01596583566
REGION1,UKNG,2041,1455,10244634979
REGION1,UKNG,2042,1439,33792381115
REGION1,UKNG,2043,1423,57340127252
REGION1,UKNG,2044,1407,80887873388
REGION1,UKNG,2045,1392,04435619525
REGION1,UKNG,2046,1493,23768236033
REGION1,UKNG,2047,1488,97847146497
REGION1,UKNG,2048,1484,71926056961
REGION1,UKNG,2049,1480,46004967425
REGION1,UKNG,2050,1476,20083877889
REGION1,UKNG,2051,1484,76705473733
REGION1,UKNG,2052,1484,76705473733
REGION1,UKNG,2053,1484,76705473733
REGION1,UKNG,2054,1484,76705473733
REGION1,UKNG,2055,1484,76705473733
REGION1,UKNG,2056,1484,76705473733
REGION1,UKNG,2057,1484,76705473733
REGION1,UKNG,2058,1484,76705473733
REGION1,UKNG,2059,1484,76705473733
REGION1,UKNG,2060,1484,76705473733
REGION1,CHNG,2015,120
REGION1,CHNG,2016,130
REGION1,CHNG,2017,120
REGION1,CHNG,2018,120
REGION1,CHNG,2019,120
REGION1,CHNG,2020,120
REGION1,CHNG,2021,130
REGION1,CHNG,2022,130
REGION1,CHNG,2023,130
REGION1,CHNG,2024,130
REGION1,CHNG,2025,130
REGION1,CHNG,2026,130
REGION1,CHNG,2027,130
REGION1,CHNG,2028,130
REGION1,CHNG,2029,130
REGION1,CHNG,2030,130
REGION1,CHNG,2031,130
REGION1,CHNG,2032,130
REGION1,CHNG,2033,130
REGION1,CHNG,2034,130
REGION1,CHNG,2035,130
REGION1,CHNG,2036,130
REGION1,CHNG,2037,130
REGION1,CHNG,2038,130
REGION1,CHNG,2039,130
REGION1,CHNG,2040,130
REGION1,CHNG,2041,130
REGION1,CHNG,2042,130
REGION1,CHNG,2043,130
REGION1,CHNG,2044,130
REGION1,CHNG,2045,130
REGION1,CHNG,2046,130
REGION1,CHNG,2047,130
REGION1,CHNG,2048,130
REGION1,CHNG,2049,130
REGION1,CHNG,2050,130
REGION1,CHNG,2051,130
REGION1,CHNG,2052,130
REGION1,CHNG,2053,130
REGION1,CHNG,2054,130
REGION1,CHNG,2055,130
REGION1,CHNG,2056,130
REGION1,CHNG,2057,130
REGION1,CHNG,2058,130
REGION1,CHNG,2059,130
REGION1,CHNG,2060,130